id,status,strain,stress
R,g,1.27639,1.09936
K2,g,1.5729,1.1314
V,r,1.06323,1.05493
Z,r,0.744889,1.00979
U,r,2.85794,1.00356
K1,g,4.6129,1.75217
M,r,1.30277,0.382825
Ul,r,3.96535,0.33317
